1,Mineirão - Belo Horizonte - MG,04/14/2018 16:00:00,1,Grêmio - RS,Cruzeiro - MG,0,Grêmio - RS,1
1,Manoel Barradas - Salvador - BA,04/14/2018 19:00:00,4,,Vitória - BA,2,Flamengo - RJ,2
1,Pacaembu - Sao Paulo - SP,04/14/2018 21:00:00,8,Santos - SP,Santos - SP,2,Ceará - CE,0
1,Independência - Belo Horizonte - MG,04/15/2018 11:00:00,3,America Fc - MG,America Fc - MG,3,Sport - PE,0
1,São Januário - Rio de Janeiro - RJ,04/15/2018 16:00:00,5,Vasco da Gama - RJ,Vasco da Gama - RJ,2,Atlético - MG,1
1,Arena Corinthians - Sao Paulo - SP,04/15/2018 16:00:00,9,Corinthians - SP,Corinthians - SP,2,Fluminense - RJ,1
1,Beira-Rio - Porto Alegre - RS,04/15/2018 16:00:00,10,Internacional - RS,Internacional - RS,2,Bahia - BA,0
1,Arena da Baixada - Curitiba - PR,04/15/2018 19:00:00,2,Athletico Paranaense - PR,Athletico Paranaense - PR,5,Chapecoense - SC,1
1,Nilton Santos - Rio de Janeiro - RJ,04/16/2018 20:00:00,6,,Botafogo - RJ,1,Palmeiras - SP,1
1,Morumbi - Sao Paulo - SP,04/16/2018 20:00:00,7,São Paulo - SP,São Paulo - SP,1,Paraná - PR,0
2,Arena Fonte Nova - Salvador - BA,04/21/2018 16:00:00,14,Bahia - BA,Bahia - BA,1,Santos - SP,0
2,Maracanã - Rio de Janeiro - RJ,04/21/2018 19:00:00,16,Flamengo - RJ,Flamengo - RJ,2,America Fc - MG,0
2,Durival Britto - Curitiba - PR,04/22/2018 11:00:00,12,Corinthians - SP,Paraná - PR,0,Corinthians - SP,4
2,Arena Condá - Chapeco - SC,04/22/2018 16:00:00,13,,Chapecoense - SC,1,Vasco da Gama - RJ,1
2,Maracanã - Rio de Janeiro - RJ,04/22/2018 16:00:00,15,Fluminense - RJ,Fluminense - RJ,1,Cruzeiro - MG,0
2,Arena Castelão - Fortaleza - CE,04/22/2018 16:00:00,17,,Ceará - CE,0,São Paulo - SP,0
2,Pacaembu - Sao Paulo - SP,04/22/2018 16:00:00,19,Palmeiras - SP,Palmeiras - SP,1,Internacional - RS,0
2,Independência - Belo Horizonte - MG,04/22/2018 16:00:00,11,Atlético - MG,Atlético - MG,2,Vitória - BA,1
2,Arena do Grêmio - Porto Alegre - RS,04/22/2018 19:00:00,20,,Grêmio - RS,0,Athletico Paranaense - PR,0
2,Ilha do Retiro - Recife - PE,04/23/2018 20:00:00,18,,Sport - PE,1,Botafogo - RJ,1
3,Nilton Santos - Rio de Janeiro - RJ,04/28/2018 16:00:00,26,Botafogo - RJ,Botafogo - RJ,2,Grêmio - RS,1
3,Allianz Parque - Sao Paulo - SP,04/29/2018 16:00:00,29,,Palmeiras - SP,0,Chapecoense - SC,0
3,Arena Castelão - Fortaleza - CE,04/29/2018 16:00:00,27,Flamengo - RJ,Ceará - CE,0,Flamengo - RJ,3
3,Arena Fonte Nova - Salvador - BA,04/29/2018 16:00:00,24,,Bahia - BA,0,Athletico Paranaense - PR,0
3,Maracanã - Rio de Janeiro - RJ,04/29/2018 16:00:00,25,,Fluminense - RJ,1,São Paulo - SP,1
3,Durival Britto - Curitiba - PR,04/29/2018 16:00:00,22,Sport - PE,Paraná - PR,1,Sport - PE,2
3,Independência - Belo Horizonte - MG,04/29/2018 16:00:00,21,Atlético - MG,Atlético - MG,1,Corinthians - SP,0
3,Beira-Rio - Porto Alegre - RS,04/29/2018 19:00:00,30,,Internacional - RS,0,Cruzeiro - MG,0
3,Independência - Belo Horizonte - MG,04/30/2018 20:00:00,23,America Fc - MG,America Fc - MG,2,Vitória - BA,1
3,Pacaembu - Sao Paulo - SP,09/27/2018 20:00:00,28,,Santos - SP,1,Vasco da Gama - RJ,1
4,São Januário - Rio de Janeiro - RJ,05/05/2018 19:00:00,35,Vasco da Gama - RJ,Vasco da Gama - RJ,4,America Fc - MG,1
4,Morumbi - Sao Paulo - SP,05/05/2018 19:00:00,37,,São Paulo - SP,2,Atlético - MG,2
4,Arena Corinthians - Sao Paulo - SP,05/06/2018 11:00:00,39,,Corinthians - SP,1,Ceará - CE,1
4,Maracanã - Rio de Janeiro - RJ,05/06/2018 16:00:00,36,Flamengo - RJ,Flamengo - RJ,2,Internacional - RS,0
4,Manoel Barradas - Salvador - BA,05/06/2018 16:00:00,34,Fluminense - RJ,Vitória - BA,1,Fluminense - RJ,2
4,Arena da Baixada - Curitiba - PR,05/06/2018 16:00:00,32,Palmeiras - SP,Athletico Paranaense - PR,1,Palmeiras - SP,3
4,Mineirão - Belo Horizonte - MG,05/06/2018 16:00:00,31,Cruzeiro - MG,Cruzeiro - MG,1,Botafogo - RJ,0
4,Ilha do Retiro - Recife - PE,05/06/2018 19:00:00,38,Sport - PE,Sport - PE,2,Bahia - BA,0
4,Arena do Grêmio - Porto Alegre - RS,05/06/2018 19:00:00,40,Grêmio - RS,Grêmio - RS,5,Santos - SP,1
4,Arena Condá - Chapeco - SC,05/07/2018 20:00:00,33,,Chapecoense - SC,1,Paraná - PR,1
5,Arena do Grêmio - Porto Alegre - RS,05/12/2018 16:00:00,50,,Grêmio - RS,0,Internacional - RS,0
5,Mineirão - Belo Horizonte - MG,05/13/2018 11:00:00,41,Cruzeiro - MG,Cruzeiro - MG,2,Sport - PE,0
5,Arena da Baixada - Curitiba - PR,05/13/2018 16:00:00,42,Atlético - MG,Athletico Paranaense - PR,1,Atlético - MG,2
5,Arena Condá - Chapeco - SC,05/13/2018 16:00:00,43,Chapecoense - SC,Chapecoense - SC,3,Flamengo - RJ,2
5,Arena Fonte Nova - Salvador - BA,05/13/2018 16:00:00,44,,Bahia - BA,2,São Paulo - SP,2
5,São Januário - Rio de Janeiro - RJ,05/13/2018 16:00:00,45,Vitória - BA,Vasco da Gama - RJ,2,Vitória - BA,3
5,Arena Corinthians - Sao Paulo - SP,05/13/2018 16:00:00,49,Corinthians - SP,Corinthians - SP,1,Palmeiras - SP,0
5,Vila Belmiro - Santos - SP,05/13/2018 19:00:00,48,Santos - SP,Santos - SP,3,Paraná - PR,1
5,Arena Castelão - Fortaleza - CE,05/14/2018 20:00:00,47,,Ceará - CE,2,America Fc - MG,2
5,Nilton Santos - Rio de Janeiro - RJ,05/14/2018 20:00:00,46,Botafogo - RJ,Botafogo - RJ,2,Fluminense - RJ,1
6,Independência - Belo Horizonte - MG,05/19/2018 16:00:00,51,Atlético - MG,Atlético - MG,1,Cruzeiro - MG,0
6,Maracanã - Rio de Janeiro - RJ,05/19/2018 19:00:00,56,,Flamengo - RJ,1,Vasco da Gama - RJ,1
6,Allianz Parque - Sao Paulo - SP,05/19/2018 21:00:00,59,Palmeiras - SP,Palmeiras - SP,3,Bahia - BA,0
6,Manoel Barradas - Salvador - BA,05/20/2018 11:00:00,54,Vitória - BA,Vitória - BA,2,Ceará - CE,1
6,Durival Britto - Curitiba - PR,05/20/2018 16:00:00,52,,Paraná - PR,0,Grêmio - RS,0
6,Independência - Belo Horizonte - MG,05/20/2018 16:00:00,53,America Fc - MG,America Fc - MG,1,Botafogo - RJ,0
6,Morumbi - Sao Paulo - SP,05/20/2018 16:00:00,57,São Paulo - SP,São Paulo - SP,1,Santos - SP,0
6,Arena Pernambuco - São Lourenço da Mata - PE,05/20/2018 16:00:00,58,,Sport - PE,1,Corinthians - SP,1
6,Maracanã - Rio de Janeiro - RJ,05/20/2018 19:00:00,55,Fluminense - RJ,Fluminense - RJ,2,Athletico Paranaense - PR,0
6,Beira-Rio - Porto Alegre - RS,05/21/2018 20:00:00,60,Internacional - RS,Internacional - RS,3,Chapecoense - SC,0
7,Maracanã - Rio de Janeiro - RJ,05/26/2018 16:00:00,65,Fluminense - RJ,Fluminense - RJ,3,Chapecoense - SC,1
7,Allianz Parque - Sao Paulo - SP,05/26/2018 19:00:00,69,Sport - PE,Palmeiras - SP,2,Sport - PE,3
7,Independência - Belo Horizonte - MG,05/26/2018 21:00:00,61,Flamengo - RJ,Atlético - MG,0,Flamengo - RJ,1
7,Durival Britto - Curitiba - PR,05/27/2018 11:00:00,62,,Paraná - PR,0,Athletico Paranaense - PR,0
7,Pacaembu - Sao Paulo - SP,05/27/2018 16:00:00,68,Cruzeiro - MG,Santos - SP,0,Cruzeiro - MG,1
7,Beira-Rio - Porto Alegre - RS,05/27/2018 16:00:00,70,Internacional - RS,Internacional - RS,2,Corinthians - SP,1
7,Nilton Santos - Rio de Janeiro - RJ,05/27/2018 16:00:00,66,,Botafogo - RJ,1,Vitória - BA,1
7,Arena Fonte Nova - Salvador - BA,05/27/2018 16:00:00,64,Bahia - BA,Bahia - BA,3,Vasco da Gama - RJ,0
7,Arena Castelão - Fortaleza - CE,05/27/2018 19:00:00,67,Grêmio - RS,Ceará - CE,0,Grêmio - RS,1
7,Independência - Belo Horizonte - MG,05/27/2018 19:00:00,63,São Paulo - SP,America Fc - MG,1,São Paulo - SP,3
8,Ilha do Retiro - Recife - PE,05/30/2018 19:30:00,78,Sport - PE,Sport - PE,3,Atlético - MG,2
8,Manoel Barradas - Salvador - BA,05/30/2018 19:30:00,74,Internacional - RS,Vitória - BA,2,Internacional - RS,3
8,São Januário - Rio de Janeiro - RJ,05/30/2018 19:30:00,75,Vasco da Gama - RJ,Vasco da Gama - RJ,1,Paraná - PR,0
8,Morumbi - Sao Paulo - SP,05/30/2018 21:00:00,77,São Paulo - SP,São Paulo - SP,3,Botafogo - RJ,2
8,Arena Condá - Chapeco - SC,05/30/2018 21:00:00,73,Chapecoense - SC,Chapecoense - SC,2,Ceará - CE,0
8,Arena do Grêmio - Porto Alegre - RS,05/30/2018 21:45:00,80,,Grêmio - RS,0,Fluminense - RJ,0
8,Mineirão - Belo Horizonte - MG,05/30/2018 21:45:00,71,Cruzeiro - MG,Cruzeiro - MG,1,Palmeiras - SP,0
8,Maracanã - Rio de Janeiro - RJ,05/31/2018 16:00:00,76,Flamengo - RJ,Flamengo - RJ,2,Bahia - BA,0
8,Arena Corinthians - Sao Paulo - SP,05/31/2018 18:00:00,79,Corinthians - SP,Corinthians - SP,1,America Fc - MG,0
8,Arena da Baixada - Curitiba - PR,05/31/2018 21:00:00,72,Athletico Paranaense - PR,Athletico Paranaense - PR,2,Santos - SP,0
9,Independência - Belo Horizonte - MG,06/02/2018 16:00:00,81,,Atlético - MG,3,Chapecoense - SC,3
9,Beira-Rio - Porto Alegre - RS,06/02/2018 16:00:00,90,,Internacional - RS,0,Sport - PE,0
9,São Januário - Rio de Janeiro - RJ,06/02/2018 19:00:00,85,Botafogo - RJ,Vasco da Gama - RJ,1,Botafogo - RJ,2
9,Allianz Parque - Sao Paulo - SP,06/02/2018 21:00:00,89,Palmeiras - SP,Palmeiras - SP,3,São Paulo - SP,1
9,Independência - Belo Horizonte - MG,06/03/2018 16:00:00,83,America Fc - MG,America Fc - MG,3,Athletico Paranaense - PR,1
9,Arena Fonte Nova - Salvador - BA,06/03/2018 16:00:00,84,Grêmio - RS,Bahia - BA,0,Grêmio - RS,2
9,Maracanã - Rio de Janeiro - RJ,06/03/2018 16:00:00,86,Flamengo - RJ,Flamengo - RJ,1,Corinthians - SP,0
9,Vila Belmiro - Santos - SP,06/03/2018 16:00:00,88,Santos - SP,Santos - SP,5,Vitória - BA,2
9,Arena Castelão - Fortaleza - CE,06/03/2018 19:00:00,87,Cruzeiro - MG,Ceará - CE,0,Cruzeiro - MG,1
9,Durival Britto - Curitiba - PR,06/04/2018 20:00:00,82,Paraná - PR,Paraná - PR,2,Fluminense - RJ,1
10,Morumbi - Sao Paulo - SP,06/05/2018 21:30:00,97,,São Paulo - SP,0,Internacional - RS,0
10,Manoel Barradas - Salvador - BA,06/06/2018 19:30:00,94,Vitória - BA,Vitória - BA,1,Chapecoense - SC,0
10,Nilton Santos - Rio de Janeiro - RJ,06/06/2018 19:30:00,96,,Botafogo - RJ,0,Ceará - CE,0
10,Arena Corinthians - Sao Paulo - SP,06/06/2018 21:00:00,99,,Corinthians - SP,1,Santos - SP,1
10,Ilha do Retiro - Recife - PE,06/06/2018 21:00:00,98,Sport - PE,Sport - PE,1,Athletico Paranaense - PR,0
10,Mineirão - Belo Horizonte - MG,06/06/2018 21:45:00,91,,Cruzeiro - MG,1,Vasco da Gama - RJ,1
10,Arena do Grêmio - Porto Alegre - RS,06/06/2018 21:45:00,100,Palmeiras - SP,Grêmio - RS,0,Palmeiras - SP,2
10,Mané Garrincha - Brasilia - DF,06/07/2018 20:00:00,95,Flamengo - RJ,Fluminense - RJ,0,Flamengo - RJ,2
10,Durival Britto - Curitiba - PR,06/07/2018 20:00:00,92,Paraná - PR,Paraná - PR,1,Bahia - BA,0
10,Independência - Belo Horizonte - MG,06/07/2018 21:00:00,93,Atlético - MG,America Fc - MG,1,Atlético - MG,3
11,Arena da Baixada - Curitiba - PR,06/09/2018 16:00:00,102,São Paulo - SP,Athletico Paranaense - PR,0,São Paulo - SP,1
11,Arena Condá - Chapeco - SC,06/09/2018 19:00:00,103,Chapecoense - SC,Chapecoense - SC,2,Cruzeiro - MG,0
11,São Januário - Rio de Janeiro - RJ,06/09/2018 19:00:00,105,Vasco da Gama - RJ,Vasco da Gama - RJ,3,Sport - PE,2
11,Arena Corinthians - Sao Paulo - SP,06/09/2018 21:00:00,109,,Corinthians - SP,0,Vitória - BA,0
11,Arena do Grêmio - Porto Alegre - RS,06/10/2018 16:00:00,110,Grêmio - RS,Grêmio - RS,1,America Fc - MG,0
11,Independência - Belo Horizonte - MG,06/10/2018 16:00:00,101,Atlético - MG,Atlético - MG,5,Fluminense - RJ,2
11,Arena Fonte Nova - Salvador - BA,06/10/2018 16:00:00,104,,Bahia - BA,3,Botafogo - RJ,3
11,Arena Castelão - Fortaleza - CE,06/10/2018 16:00:00,107,,Ceará - CE,2,Palmeiras - SP,2
11,Maracanã - Rio de Janeiro - RJ,06/10/2018 19:00:00,106,Flamengo - RJ,Flamengo - RJ,2,Paraná - PR,0
11,Vila Belmiro - Santos - SP,06/10/2018 19:00:00,108,Internacional - RS,Santos - SP,1,Internacional - RS,2
12,Morumbi - Sao Paulo - SP,06/12/2018 21:30:00,117,São Paulo - SP,São Paulo - SP,3,Vitória - BA,0
12,Independência - Belo Horizonte - MG,06/13/2018 16:00:00,113,,America Fc - MG,0,Chapecoense - SC,0
12,Maracanã - Rio de Janeiro - RJ,06/13/2018 19:00:00,115,Santos - SP,Fluminense - RJ,0,Santos - SP,1
12,Ilha do Retiro - Recife - PE,06/13/2018 19:30:00,118,,Sport - PE,0,Grêmio - RS,0
12,Durival Britto - Curitiba - PR,06/13/2018 19:30:00,112,,Paraná - PR,1,Cruzeiro - MG,1
12,Nilton Santos - Rio de Janeiro - RJ,06/13/2018 21:00:00,116,Botafogo - RJ,Botafogo - RJ,2,Athletico Paranaense - PR,0
12,Allianz Parque - Sao Paulo - SP,06/13/2018 21:00:00,119,,Palmeiras - SP,1,Flamengo - RJ,1
12,Independência - Belo Horizonte - MG,06/13/2018 21:45:00,111,Atlético - MG,Atlético - MG,2,Ceará - CE,1
12,Arena Fonte Nova - Salvador - BA,06/13/2018 21:45:00,114,Bahia - BA,Bahia - BA,1,Corinthians - SP,0
12,Beira-Rio - Porto Alegre - RS,06/13/2018 21:45:00,120,Internacional - RS,Internacional - RS,3,Vasco da Gama - RJ,1
13,Presidente Vargas - Fortaleza - CE,07/18/2018 19:30:00,127,Ceará - CE,Ceará - CE,1,Sport - PE,0
13,Manoel Barradas - Salvador - BA,07/18/2018 21:00:00,124,Vitória - BA,Vitória - BA,1,Paraná - PR,0
13,Arena do Grêmio - Porto Alegre - RS,07/18/2018 21:45:00,130,Grêmio - RS,Grêmio - RS,2,Atlético - MG,0
13,Arena Corinthians - Sao Paulo - SP,07/18/2018 21:45:00,129,Corinthians - SP,Corinthians - SP,2,Botafogo - RJ,0
13,Maracanã - Rio de Janeiro - RJ,07/18/2018 21:45:00,126,São Paulo - SP,Flamengo - RJ,0,São Paulo - SP,1
13,Mineirão - Belo Horizonte - MG,07/19/2018 19:30:00,121,Cruzeiro - MG,Cruzeiro - MG,3,America Fc - MG,1
13,Arena Condá - Chapeco - SC,07/19/2018 19:30:00,123,,Chapecoense - SC,1,Bahia - BA,1
13,São Januário - Rio de Janeiro - RJ,07/19/2018 20:00:00,125,,Vasco da Gama - RJ,1,Fluminense - RJ,1
13,Pacaembu - Sao Paulo - SP,07/19/2018 20:00:00,128,,Santos - SP,1,Palmeiras - SP,1
13,Arena da Baixada - Curitiba - PR,07/19/2018 21:00:00,122,,Athletico Paranaense - PR,2,Internacional - RS,2
14,Maracanã - Rio de Janeiro - RJ,07/21/2018 19:00:00,136,Flamengo - RJ,Flamengo - RJ,2,Botafogo - RJ,0
14,Morumbi - Sao Paulo - SP,07/21/2018 21:00:00,137,São Paulo - SP,São Paulo - SP,3,Corinthians - SP,1
14,Durival Britto - Curitiba - PR,07/22/2018 16:00:00,132,Paraná - PR,Paraná - PR,1,America Fc - MG,0
14,Arena Fonte Nova - Salvador - BA,07/22/2018 16:00:00,134,Bahia - BA,Bahia - BA,4,Vitória - BA,1
14,São Januário - Rio de Janeiro - RJ,07/22/2018 16:00:00,135,Vasco da Gama - RJ,Vasco da Gama - RJ,1,Grêmio - RS,0
14,Ilha do Retiro - Recife - PE,07/22/2018 16:00:00,138,Fluminense - RJ,Sport - PE,1,Fluminense - RJ,2
14,Allianz Parque - Sao Paulo - SP,07/22/2018 16:00:00,139,Palmeiras - SP,Palmeiras - SP,3,Atlético - MG,2
14,Mineirão - Belo Horizonte - MG,07/22/2018 19:00:00,131,Cruzeiro - MG,Cruzeiro - MG,2,Athletico Paranaense - PR,1
14,Arena Condá - Chapeco - SC,07/22/2018 19:00:00,133,,Chapecoense - SC,0,Santos - SP,0
14,Beira-Rio - Porto Alegre - RS,07/23/2018 20:00:00,140,Internacional - RS,Internacional - RS,1,Ceará - CE,0
15,Maracanã - Rio de Janeiro - RJ,07/25/2018 19:30:00,145,Fluminense - RJ,Fluminense - RJ,1,Palmeiras - SP,0
15,Independência - Belo Horizonte - MG,07/25/2018 21:00:00,141,Atlético - MG,Atlético - MG,2,Paraná - PR,0
15,Vila Belmiro - Santos - SP,07/25/2018 21:45:00,148,,Santos - SP,1,Flamengo - RJ,1
15,Arena Corinthians - Sao Paulo - SP,07/25/2018 21:45:00,149,Corinthians - SP,Corinthians - SP,2,Cruzeiro - MG,0
15,Manoel Barradas - Salvador - BA,07/26/2018 19:30:00,144,Vitória - BA,Vitória - BA,1,Sport - PE,0
15,Nilton Santos - Rio de Janeiro - RJ,07/26/2018 19:30:00,146,Botafogo - RJ,Botafogo - RJ,1,Chapecoense - SC,0
15,Arena do Grêmio - Porto Alegre - RS,07/26/2018 19:30:00,150,Grêmio - RS,Grêmio - RS,2,São Paulo - SP,1
15,Independência - Belo Horizonte - MG,07/26/2018 20:00:00,143,America Fc - MG,America Fc - MG,2,Internacional - RS,1
15,Presidente Vargas - Fortaleza - CE,08/29/2018 19:30:00,147,Bahia - BA,Ceará - CE,0,Bahia - BA,2
15,Arena da Baixada - Curitiba - PR,08/29/2018 19:30:00,142,Athletico Paranaense - PR,Athletico Paranaense - PR,1,Vasco da Gama - RJ,0
16,Presidente Vargas - Fortaleza - CE,07/28/2018 16:00:00,157,Ceará - CE,Ceará - CE,1,Fluminense - RJ,0
16,Allianz Parque - Sao Paulo - SP,07/29/2018 11:00:00,159,Palmeiras - SP,Palmeiras - SP,3,Paraná - PR,0
16,Mané Garrincha - Brasilia - DF,07/29/2018 11:00:00,155,Corinthians - SP,Vasco da Gama - RJ,1,Corinthians - SP,4
16,Maracanã - Rio de Janeiro - RJ,07/29/2018 16:00:00,156,Flamengo - RJ,Flamengo - RJ,4,Sport - PE,1
16,Beira-Rio - Porto Alegre - RS,07/29/2018 16:00:00,160,Internacional - RS,Internacional - RS,3,Botafogo - RJ,0
16,Mineirão - Belo Horizonte - MG,07/29/2018 16:00:00,151,São Paulo - SP,Cruzeiro - MG,0,São Paulo - SP,2
16,Arena da Baixada - Curitiba - PR,07/29/2018 16:00:00,152,Athletico Paranaense - PR,Athletico Paranaense - PR,4,Vitória - BA,0
16,Vila Belmiro - Santos - SP,07/29/2018 19:00:00,158,America Fc - MG,Santos - SP,0,America Fc - MG,1
16,Arena Condá - Chapeco - SC,07/29/2018 19:00:00,153,,Chapecoense - SC,1,Grêmio - RS,1
16,Arena Fonte Nova - Salvador - BA,07/30/2018 20:00:00,154,,Bahia - BA,2,Atlético - MG,2
17,Nilton Santos - Rio de Janeiro - RJ,08/04/2018 16:00:00,166,,Botafogo - RJ,0,Santos - SP,0
17,Arena do Grêmio - Porto Alegre - RS,08/04/2018 19:00:00,170,Grêmio - RS,Grêmio - RS,2,Flamengo - RJ,0
17,Arena Corinthians - Sao Paulo - SP,08/04/2018 21:00:00,169,,Corinthians - SP,0,Athletico Paranaense - PR,0
17,Morumbi - Sao Paulo - SP,08/05/2018 16:00:00,167,São Paulo - SP,São Paulo - SP,2,Vasco da Gama - RJ,1
17,Durival Britto - Curitiba - PR,08/05/2018 16:00:00,162,Ceará - CE,Paraná - PR,0,Ceará - CE,1
17,Independência - Belo Horizonte - MG,08/05/2018 16:00:00,163,,America Fc - MG,0,Palmeiras - SP,0
17,Manoel Barradas - Salvador - BA,08/05/2018 16:00:00,164,,Vitória - BA,1,Cruzeiro - MG,1
17,Ilha do Retiro - Recife - PE,08/05/2018 19:00:00,168,,Sport - PE,1,Chapecoense - SC,1
17,Maracanã - Rio de Janeiro - RJ,08/05/2018 19:00:00,165,,Fluminense - RJ,1,Bahia - BA,1
17,Independência - Belo Horizonte - MG,08/06/2018 20:00:00,161,Internacional - RS,Atlético - MG,0,Internacional - RS,1
18,Presidente Vargas - Fortaleza - CE,08/11/2018 16:00:00,177,,Ceará - CE,0,Athletico Paranaense - PR,0
18,Arena Fonte Nova - Salvador - BA,08/11/2018 19:00:00,174,Bahia - BA,Bahia - BA,1,America Fc - MG,0
18,Independência - Belo Horizonte - MG,08/12/2018 11:00:00,171,Atlético - MG,Atlético - MG,3,Santos - SP,1
18,Durival Britto - Curitiba - PR,08/12/2018 11:00:00,172,,Paraná - PR,1,Botafogo - RJ,1
18,Ilha do Retiro - Recife - PE,08/12/2018 16:00:00,178,São Paulo - SP,Sport - PE,1,São Paulo - SP,3
18,Arena Condá - Chapeco - SC,08/12/2018 16:00:00,173,Chapecoense - SC,Chapecoense - SC,2,Corinthians - SP,1
18,Maracanã - Rio de Janeiro - RJ,08/12/2018 16:00:00,176,Flamengo - RJ,Flamengo - RJ,1,Cruzeiro - MG,0
18,Arena do Grêmio - Porto Alegre - RS,08/12/2018 19:00:00,180,Grêmio - RS,Grêmio - RS,4,Vitória - BA,0
18,Allianz Parque - Sao Paulo - SP,08/12/2018 19:00:00,179,Palmeiras - SP,Palmeiras - SP,1,Vasco da Gama - RJ,0
18,Maracanã - Rio de Janeiro - RJ,08/13/2018 20:00:00,175,Internacional - RS,Fluminense - RJ,0,Internacional - RS,3
19,Vila Belmiro - Santos - SP,08/18/2018 16:00:00,188,Santos - SP,Santos - SP,3,Sport - PE,0
19,Arena Corinthians - Sao Paulo - SP,08/18/2018 19:00:00,189,Grêmio - RS,Corinthians - SP,0,Grêmio - RS,1
19,Beira-Rio - Porto Alegre - RS,08/19/2018 11:00:00,190,Internacional - RS,Internacional - RS,1,Paraná - PR,0
19,Arena da Baixada - Curitiba - PR,08/19/2018 11:00:00,182,Athletico Paranaense - PR,Athletico Paranaense - PR,3,Flamengo - RJ,0
19,Nilton Santos - Rio de Janeiro - RJ,08/19/2018 16:00:00,186,Atlético - MG,Botafogo - RJ,0,Atlético - MG,3
19,Mineirão - Belo Horizonte - MG,08/19/2018 16:00:00,181,,Cruzeiro - MG,1,Bahia - BA,1
19,Manoel Barradas - Salvador - BA,08/19/2018 16:00:00,184,Palmeiras - SP,Vitória - BA,0,Palmeiras - SP,3
19,Morumbi - Sao Paulo - SP,08/19/2018 19:00:00,187,São Paulo - SP,São Paulo - SP,2,Chapecoense - SC,0
19,Independência - Belo Horizonte - MG,08/19/2018 19:00:00,183,,America Fc - MG,0,Fluminense - RJ,0
19,São Januário - Rio de Janeiro - RJ,08/20/2018 20:00:00,185,,Vasco da Gama - RJ,1,Ceará - CE,1
20,Presidente Vargas - Fortaleza - CE,08/08/2018 19:30:00,197,,Ceará - CE,1,Santos - SP,1
20,Durival Britto - Curitiba - PR,08/22/2018 19:30:00,192,,Paraná - PR,1,São Paulo - SP,1
20,Arena Fonte Nova - Salvador - BA,08/22/2018 19:30:00,194,Internacional - RS,Bahia - BA,0,Internacional - RS,1
20,Ilha do Retiro - Recife - PE,08/22/2018 21:00:00,198,America Fc - MG,Sport - PE,0,America Fc - MG,2
20,Allianz Parque - Sao Paulo - SP,08/22/2018 21:00:00,199,Palmeiras - SP,Palmeiras - SP,2,Botafogo - RJ,0
20,Arena do Grêmio - Porto Alegre - RS,08/22/2018 21:45:00,200,,Grêmio - RS,1,Cruzeiro - MG,1
20,Maracanã - Rio de Janeiro - RJ,08/22/2018 21:45:00,195,Fluminense - RJ,Fluminense - RJ,1,Corinthians - SP,0
20,Maracanã - Rio de Janeiro - RJ,08/23/2018 19:30:00,196,Flamengo - RJ,Flamengo - RJ,1,Vitória - BA,0
20,Independência - Belo Horizonte - MG,08/23/2018 20:00:00,191,,Atlético - MG,0,Vasco da Gama - RJ,0
20,Arena Condá - Chapeco - SC,09/13/2018 20:00:00,193,Chapecoense - SC,Chapecoense - SC,2,Athletico Paranaense - PR,1
21,Vila Belmiro - Santos - SP,08/25/2018 16:00:00,201,Santos - SP,Santos - SP,2,Bahia - BA,0
21,Arena Corinthians - Sao Paulo - SP,08/25/2018 19:00:00,202,Corinthians - SP,Corinthians - SP,1,Paraná - PR,0
21,Arena da Baixada - Curitiba - PR,08/25/2018 19:00:00,203,Athletico Paranaense - PR,Athletico Paranaense - PR,2,Grêmio - RS,1
21,Nilton Santos - Rio de Janeiro - RJ,08/25/2018 21:00:00,205,Botafogo - RJ,Botafogo - RJ,2,Sport - PE,0
21,Mineirão - Belo Horizonte - MG,08/25/2018 21:00:00,204,Cruzeiro - MG,Cruzeiro - MG,2,Fluminense - RJ,1
21,Morumbi - Sao Paulo - SP,08/26/2018 11:00:00,206,São Paulo - SP,São Paulo - SP,1,Ceará - CE,0
21,Beira-Rio - Porto Alegre - RS,08/26/2018 16:00:00,209,,Internacional - RS,0,Palmeiras - SP,0
21,Manoel Barradas - Salvador - BA,08/26/2018 16:00:00,208,Vitória - BA,Vitória - BA,1,Atlético - MG,0
21,Independência - Belo Horizonte - MG,08/26/2018 16:00:00,207,,America Fc - MG,2,Flamengo - RJ,2
21,São Januário - Rio de Janeiro - RJ,08/26/2018 19:00:00,210,Vasco da Gama - RJ,Vasco da Gama - RJ,3,Chapecoense - SC,1
22,Manoel Barradas - Salvador - BA,09/01/2018 16:00:00,211,Vitória - BA,Vitória - BA,1,America Fc - MG,0
22,Arena do Grêmio - Porto Alegre - RS,09/01/2018 16:00:00,212,Grêmio - RS,Grêmio - RS,4,Botafogo - RJ,0
22,Maracanã - Rio de Janeiro - RJ,09/01/2018 19:00:00,213,Santos - SP,Vasco da Gama - RJ,0,Santos - SP,3
22,Arena Corinthians - Sao Paulo - SP,09/01/2018 21:00:00,214,,Corinthians - SP,1,Atlético - MG,1
22,Maracanã - Rio de Janeiro - RJ,09/02/2018 11:00:00,215,Ceará - CE,Flamengo - RJ,0,Ceará - CE,1
22,Arena da Baixada - Curitiba - PR,09/02/2018 16:00:00,216,Athletico Paranaense - PR,Athletico Paranaense - PR,2,Bahia - BA,0
22,Ilha do Retiro - Recife - PE,09/02/2018 16:00:00,218,Sport - PE,Sport - PE,1,Paraná - PR,0
22,Morumbi - Sao Paulo - SP,09/02/2018 16:00:00,217,,São Paulo - SP,1,Fluminense - RJ,1
22,Mineirão - Belo Horizonte - MG,09/02/2018 19:00:00,220,,Cruzeiro - MG,0,Internacional - RS,0
22,Arena Condá - Chapeco - SC,09/02/2018 19:00:00,219,Palmeiras - SP,Chapecoense - SC,1,Palmeiras - SP,2
23,Arena Fonte Nova - Salvador - BA,09/05/2018 19:30:00,221,Bahia - BA,Bahia - BA,2,Sport - PE,0
23,Nilton Santos - Rio de Janeiro - RJ,09/05/2018 19:30:00,222,,Botafogo - RJ,1,Cruzeiro - MG,1
23,Arena Castelão - Fortaleza - CE,09/05/2018 20:00:00,223,Ceará - CE,Ceará - CE,2,Corinthians - SP,1
23,Durival Britto - Curitiba - PR,09/05/2018 21:00:00,224,,Paraná - PR,1,Chapecoense - SC,1
23,Allianz Parque - Sao Paulo - SP,09/05/2018 21:00:00,225,Palmeiras - SP,Palmeiras - SP,2,Athletico Paranaense - PR,0
23,Beira-Rio - Porto Alegre - RS,09/05/2018 21:45:00,227,Internacional - RS,Internacional - RS,2,Flamengo - RJ,1
23,Independência - Belo Horizonte - MG,09/05/2018 21:45:00,226,Atlético - MG,Atlético - MG,1,São Paulo - SP,0
23,Maracanã - Rio de Janeiro - RJ,09/06/2018 19:00:00,228,,Fluminense - RJ,0,Vitória - BA,0
23,Pacaembu - Sao Paulo - SP,09/06/2018 19:00:00,230,,Santos - SP,0,Grêmio - RS,0
23,Independência - Belo Horizonte - MG,09/06/2018 20:00:00,229,America Fc - MG,America Fc - MG,2,Vasco da Gama - RJ,1
24,Ilha do Retiro - Recife - PE,09/08/2018 16:00:00,231,,Sport - PE,0,Cruzeiro - MG,0
24,Morumbi - Sao Paulo - SP,09/08/2018 19:00:00,232,São Paulo - SP,São Paulo - SP,1,Bahia - BA,0
24,Maracanã - Rio de Janeiro - RJ,09/08/2018 21:00:00,233,Flamengo - RJ,Flamengo - RJ,2,Chapecoense - SC,0
24,Beira-Rio - Porto Alegre - RS,09/09/2018 16:00:00,237,Internacional - RS,Internacional - RS,1,Grêmio - RS,0
24,Allianz Parque - Sao Paulo - SP,09/09/2018 16:00:00,236,Palmeiras - SP,Palmeiras - SP,1,Corinthians - SP,0
24,Independência - Belo Horizonte - MG,09/09/2018 16:00:00,234,,America Fc - MG,0,Ceará - CE,0
24,Maracanã - Rio de Janeiro - RJ,09/09/2018 16:00:00,235,Fluminense - RJ,Fluminense - RJ,1,Botafogo - RJ,0
24,Manoel Barradas - Salvador - BA,09/09/2018 19:00:00,238,Vitória - BA,Vitória - BA,1,Vasco da Gama - RJ,0
24,Durival Britto - Curitiba - PR,09/09/2018 19:00:00,239,Santos - SP,Paraná - PR,0,Santos - SP,2
24,Independência - Belo Horizonte - MG,09/10/2018 20:00:00,240,Atlético - MG,Atlético - MG,3,Athletico Paranaense - PR,1
25,Arena do Grêmio - Porto Alegre - RS,09/15/2018 16:00:00,249,Grêmio - RS,Grêmio - RS,2,Paraná - PR,0
25,Arena Castelão - Fortaleza - CE,09/15/2018 16:00:00,241,Ceará - CE,Ceará - CE,2,Vitória - BA,0
25,Mané Garrincha - Brasilia - DF,09/15/2018 19:00:00,242,,Vasco da Gama - RJ,1,Flamengo - RJ,1
25,Nilton Santos - Rio de Janeiro - RJ,09/16/2018 11:00:00,243,Botafogo - RJ,Botafogo - RJ,1,America Fc - MG,0
25,Vila Belmiro - Santos - SP,09/16/2018 16:00:00,247,,Santos - SP,0,São Paulo - SP,0
25,Mineirão - Belo Horizonte - MG,09/16/2018 16:00:00,244,,Cruzeiro - MG,0,Atlético - MG,0
25,Arena Fonte Nova - Salvador - BA,09/16/2018 16:00:00,246,,Bahia - BA,1,Palmeiras - SP,1
25,Arena da Baixada - Curitiba - PR,09/16/2018 16:00:00,245,Athletico Paranaense - PR,Athletico Paranaense - PR,3,Fluminense - RJ,1
25,Arena Corinthians - Sao Paulo - SP,09/16/2018 19:00:00,248,Corinthians - SP,Corinthians - SP,2,Sport - PE,1
25,Arena Condá - Chapeco - SC,09/17/2018 20:00:00,250,Chapecoense - SC,Chapecoense - SC,2,Internacional - RS,1
26,Morumbi - Sao Paulo - SP,09/22/2018 16:00:00,251,,São Paulo - SP,1,America Fc - MG,1
26,Arena do Grêmio - Porto Alegre - RS,09/23/2018 11:00:00,254,Grêmio - RS,Grêmio - RS,3,Ceará - CE,2
26,Maracanã - Rio de Janeiro - RJ,09/23/2018 16:00:00,252,Flamengo - RJ,Flamengo - RJ,2,Atlético - MG,1
26,Arena da Baixada - Curitiba - PR,09/23/2018 16:00:00,255,Athletico Paranaense - PR,Athletico Paranaense - PR,3,Paraná - PR,0
26,Arena Corinthians - Sao Paulo - SP,09/23/2018 16:00:00,258,,Corinthians - SP,1,Internacional - RS,1
26,Manoel Barradas - Salvador - BA,09/23/2018 18:00:00,253,Botafogo - RJ,Vitória - BA,3,Botafogo - RJ,4
26,Ilha do Retiro - Recife - PE,09/23/2018 18:00:00,257,Palmeiras - SP,Sport - PE,0,Palmeiras - SP,1
26,Mineirão - Belo Horizonte - MG,09/23/2018 19:00:00,259,Cruzeiro - MG,Cruzeiro - MG,2,Santos - SP,1
26,Arena Condá - Chapeco - SC,09/24/2018 20:00:00,260,Fluminense - RJ,Chapecoense - SC,1,Fluminense - RJ,2
26,São Januário - Rio de Janeiro - RJ,09/24/2018 20:00:00,256,Vasco da Gama - RJ,Vasco da Gama - RJ,2,Bahia - BA,1
27,Nilton Santos - Rio de Janeiro - RJ,09/29/2018 16:00:00,261,Grêmio - RS,Fluminense - RJ,0,Grêmio - RS,1
27,Independência - Belo Horizonte - MG,09/29/2018 19:00:00,262,,America Fc - MG,0,Corinthians - SP,0
27,Arena Fonte Nova - Salvador - BA,09/29/2018 21:00:00,263,,Bahia - BA,0,Flamengo - RJ,0
27,Pacaembu - Sao Paulo - SP,09/30/2018 11:00:00,264,Palmeiras - SP,Palmeiras - SP,3,Cruzeiro - MG,1
27,Beira-Rio - Porto Alegre - RS,09/30/2018 16:00:00,268,Internacional - RS,Internacional - RS,2,Vitória - BA,1
27,Independência - Belo Horizonte - MG,09/30/2018 16:00:00,265,Atlético - MG,Atlético - MG,5,Sport - PE,2
27,Vila Belmiro - Santos - SP,09/30/2018 16:00:00,267,Santos - SP,Santos - SP,1,Athletico Paranaense - PR,0
27,Nilton Santos - Rio de Janeiro - RJ,09/30/2018 16:00:00,266,,Botafogo - RJ,2,São Paulo - SP,2
27,Arena Castelão - Fortaleza - CE,09/30/2018 19:00:00,269,Ceará - CE,Ceará - CE,3,Chapecoense - SC,1
27,Durival Britto - Curitiba - PR,10/01/2018 20:00:00,270,,Paraná - PR,1,Vasco da Gama - RJ,1
28,Ilha do Retiro - Recife - PE,10/05/2018 19:00:00,271,Sport - PE,Sport - PE,2,Internacional - RS,1
28,Arena Corinthians - Sao Paulo - SP,10/05/2018 21:00:00,272,Flamengo - RJ,Corinthians - SP,0,Flamengo - RJ,3
28,Manoel Barradas - Salvador - BA,10/05/2018 21:30:00,273,Santos - SP,Vitória - BA,0,Santos - SP,1
28,Arena da Baixada - Curitiba - PR,10/06/2018 16:00:00,274,Athletico Paranaense - PR,Athletico Paranaense - PR,4,America Fc - MG,0
28,Arena Condá - Chapeco - SC,10/06/2018 16:00:00,275,Chapecoense - SC,Chapecoense - SC,1,Atlético - MG,0
28,Morumbi - Sao Paulo - SP,10/06/2018 18:00:00,276,Palmeiras - SP,São Paulo - SP,0,Palmeiras - SP,2
28,Arena do Grêmio - Porto Alegre - RS,10/06/2018 21:00:00,277,,Grêmio - RS,2,Bahia - BA,2
28,Maracanã - Rio de Janeiro - RJ,10/08/2018 20:00:00,278,Fluminense - RJ,Fluminense - RJ,4,Paraná - PR,0
28,Nilton Santos - Rio de Janeiro - RJ,10/09/2018 21:00:00,279,,Botafogo - RJ,1,Vasco da Gama - RJ,1
28,Mineirão - Belo Horizonte - MG,10/24/2018 19:30:00,280,Ceará - CE,Cruzeiro - MG,0,Ceará - CE,2
29,Maracanã - Rio de Janeiro - RJ,10/13/2018 17:00:00,282,Flamengo - RJ,Flamengo - RJ,3,Fluminense - RJ,0
29,Pacaembu - Sao Paulo - SP,10/13/2018 19:00:00,283,Santos - SP,Santos - SP,1,Corinthians - SP,0
29,Pituaçu - Salvador - BA,10/13/2018 21:00:00,284,Bahia - BA,Bahia - BA,2,Paraná - PR,0
29,Arena Condá - Chapeco - SC,10/14/2018 11:00:00,285,Vitória - BA,Chapecoense - SC,0,Vitória - BA,1
29,Pacaembu - Sao Paulo - SP,10/14/2018 16:00:00,287,Palmeiras - SP,Palmeiras - SP,2,Grêmio - RS,0
29,Beira-Rio - Porto Alegre - RS,10/14/2018 16:00:00,288,Internacional - RS,Internacional - RS,3,São Paulo - SP,1
29,São Januário - Rio de Janeiro - RJ,10/14/2018 16:00:00,286,Vasco da Gama - RJ,Vasco da Gama - RJ,2,Cruzeiro - MG,0
29,Arena da Baixada - Curitiba - PR,10/14/2018 19:00:00,289,Athletico Paranaense - PR,Athletico Paranaense - PR,4,Sport - PE,0
29,Independência - Belo Horizonte - MG,10/14/2018 19:00:00,281,,Atlético - MG,0,America Fc - MG,0
29,Arena Castelão - Fortaleza - CE,10/15/2018 20:00:00,290,,Ceará - CE,0,Botafogo - RJ,0
30,Nilton Santos - Rio de Janeiro - RJ,10/20/2018 16:00:00,291,Bahia - BA,Botafogo - RJ,0,Bahia - BA,1
30,Independência - Belo Horizonte - MG,10/20/2018 16:00:00,294,,America Fc - MG,1,Grêmio - RS,1
30,Morumbi - Sao Paulo - SP,10/20/2018 19:00:00,292,,São Paulo - SP,0,Athletico Paranaense - PR,0
30,Ilha do Retiro - Recife - PE,10/20/2018 19:00:00,293,Sport - PE,Sport - PE,2,Vasco da Gama - RJ,1
30,Manoel Barradas - Salvador - BA,10/21/2018 16:00:00,295,,Vitória - BA,2,Corinthians - SP,2
30,Nilton Santos - Rio de Janeiro - RJ,10/21/2018 16:00:00,296,Fluminense - RJ,Fluminense - RJ,1,Atlético - MG,0
30,Pacaembu - Sao Paulo - SP,10/21/2018 16:00:00,297,Palmeiras - SP,Palmeiras - SP,2,Ceará - CE,1
30,Independência - Belo Horizonte - MG,10/21/2018 19:00:00,298,Cruzeiro - MG,Cruzeiro - MG,3,Chapecoense - SC,0
30,Durival Britto - Curitiba - PR,10/21/2018 19:00:00,299,Flamengo - RJ,Paraná - PR,0,Flamengo - RJ,4
30,Beira-Rio - Porto Alegre - RS,10/22/2018 20:00:00,300,,Internacional - RS,2,Santos - SP,2
31,Manoel Barradas - Salvador - BA,10/26/2018 19:30:00,301,São Paulo - SP,Vitória - BA,0,São Paulo - SP,1
31,São Januário - Rio de Janeiro - RJ,10/26/2018 21:30:00,302,,Vasco da Gama - RJ,1,Internacional - RS,1
31,Vila Belmiro - Santos - SP,10/27/2018 16:30:00,304,Santos - SP,Santos - SP,3,Fluminense - RJ,0
31,Arena do Grêmio - Porto Alegre - RS,10/27/2018 16:30:00,305,Sport - PE,Grêmio - RS,3,Sport - PE,4
31,Arena Corinthians - Sao Paulo - SP,10/27/2018 19:00:00,306,Corinthians - SP,Corinthians - SP,2,Bahia - BA,1
31,Maracanã - Rio de Janeiro - RJ,10/27/2018 19:00:00,307,,Flamengo - RJ,1,Palmeiras - SP,1
31,Arena Condá - Chapeco - SC,10/27/2018 19:00:00,310,Chapecoense - SC,Chapecoense - SC,1,America Fc - MG,0
31,Mineirão - Belo Horizonte - MG,10/27/2018 21:00:00,308,Cruzeiro - MG,Cruzeiro - MG,3,Paraná - PR,1
31,Arena da Baixada - Curitiba - PR,10/27/2018 21:00:00,309,Athletico Paranaense - PR,Athletico Paranaense - PR,2,Botafogo - RJ,1
31,Arena Castelão - Fortaleza - CE,10/29/2018 20:00:00,303,Ceará - CE,Ceará - CE,2,Atlético - MG,1
32,Independência - Belo Horizonte - MG,11/03/2018 17:00:00,313,Grêmio - RS,Atlético - MG,0,Grêmio - RS,1
32,Maracanã - Rio de Janeiro - RJ,11/03/2018 17:00:00,312,Vasco da Gama - RJ,Fluminense - RJ,0,Vasco da Gama - RJ,1
32,Allianz Parque - Sao Paulo - SP,11/03/2018 19:00:00,318,Palmeiras - SP,Palmeiras - SP,3,Santos - SP,2
32,Durival Britto - Curitiba - PR,11/04/2018 17:00:00,314,,Paraná - PR,1,Vitória - BA,1
32,Independência - Belo Horizonte - MG,11/04/2018 17:00:00,315,Cruzeiro - MG,America Fc - MG,1,Cruzeiro - MG,2
32,Morumbi - Sao Paulo - SP,11/04/2018 17:00:00,311,,São Paulo - SP,2,Flamengo - RJ,2
32,Nilton Santos - Rio de Janeiro - RJ,11/04/2018 17:00:00,316,Botafogo - RJ,Botafogo - RJ,1,Corinthians - SP,0
32,Arena Fonte Nova - Salvador - BA,11/04/2018 19:00:00,317,Bahia - BA,Bahia - BA,1,Chapecoense - SC,0
32,Beira-Rio - Porto Alegre - RS,11/04/2018 19:00:00,319,Internacional - RS,Internacional - RS,2,Athletico Paranaense - PR,1
32,Ilha do Retiro - Recife - PE,11/05/2018 20:00:00,320,Sport - PE,Sport - PE,1,Ceará - CE,0
33,Independência - Belo Horizonte - MG,11/10/2018 17:00:00,324,Paraná - PR,America Fc - MG,0,Paraná - PR,1
33,Arena Corinthians - Sao Paulo - SP,11/10/2018 17:00:00,321,,Corinthians - SP,1,São Paulo - SP,1
33,Nilton Santos - Rio de Janeiro - RJ,11/10/2018 19:00:00,322,Botafogo - RJ,Botafogo - RJ,2,Flamengo - RJ,1
33,Arena da Baixada - Curitiba - PR,11/10/2018 19:00:00,323,Athletico Paranaense - PR,Athletico Paranaense - PR,2,Cruzeiro - MG,0
33,Independência - Belo Horizonte - MG,11/11/2018 17:00:00,325,,Atlético - MG,1,Palmeiras - SP,1
33,Arena do Grêmio - Porto Alegre - RS,11/11/2018 17:00:00,328,Grêmio - RS,Grêmio - RS,2,Vasco da Gama - RJ,1
33,Arena Castelão - Fortaleza - CE,11/11/2018 17:00:00,330,,Ceará - CE,1,Internacional - RS,1
33,Manoel Barradas - Salvador - BA,11/11/2018 17:00:00,326,,Vitória - BA,2,Bahia - BA,2
33,Maracanã - Rio de Janeiro - RJ,11/11/2018 19:00:00,329,,Fluminense - RJ,0,Sport - PE,0
33,Pacaembu - Sao Paulo - SP,11/12/2018 20:00:00,327,Chapecoense - SC,Santos - SP,0,Chapecoense - SC,1
34,São Januário - Rio de Janeiro - RJ,11/14/2018 19:30:00,331,,Vasco da Gama - RJ,1,Athletico Paranaense - PR,1
34,Durival Britto - Curitiba - PR,11/14/2018 21:00:00,332,Atlético - MG,Paraná - PR,0,Atlético - MG,1
34,Arena Fonte Nova - Salvador - BA,11/14/2018 21:00:00,333,Bahia - BA,Bahia - BA,2,Ceará - CE,1
34,Allianz Parque - Sao Paulo - SP,11/14/2018 21:45:00,336,Palmeiras - SP,Palmeiras - SP,3,Fluminense - RJ,0
34,Mineirão - Belo Horizonte - MG,11/14/2018 21:45:00,334,Cruzeiro - MG,Cruzeiro - MG,1,Corinthians - SP,0
34,Ilha do Retiro - Recife - PE,11/14/2018 21:45:00,335,,Sport - PE,0,Vitória - BA,0
34,Arena Condá - Chapeco - SC,11/15/2018 17:00:00,337,Botafogo - RJ,Chapecoense - SC,0,Botafogo - RJ,1
34,Maracanã - Rio de Janeiro - RJ,11/15/2018 17:00:00,338,Flamengo - RJ,Flamengo - RJ,1,Santos - SP,0
34,Morumbi - Sao Paulo - SP,11/15/2018 19:00:00,339,,São Paulo - SP,1,Grêmio - RS,1
34,Beira-Rio - Porto Alegre - RS,11/15/2018 21:00:00,340,Internacional - RS,Internacional - RS,2,America Fc - MG,0
35,Manoel Barradas - Salvador - BA,11/17/2018 19:00:00,341,Athletico Paranaense - PR,Vitória - BA,1,Athletico Paranaense - PR,2
35,Arena Corinthians - Sao Paulo - SP,11/17/2018 19:00:00,342,Corinthians - SP,Corinthians - SP,1,Vasco da Gama - RJ,0
35,Independência - Belo Horizonte - MG,11/17/2018 21:00:00,350,Atlético - MG,Atlético - MG,1,Bahia - BA,0
35,Nilton Santos - Rio de Janeiro - RJ,11/18/2018 17:00:00,346,Botafogo - RJ,Botafogo - RJ,1,Internacional - RS,0
35,Ilha do Retiro - Recife - PE,11/18/2018 17:00:00,347,Flamengo - RJ,Sport - PE,0,Flamengo - RJ,1
35,Independência - Belo Horizonte - MG,11/18/2018 17:00:00,345,America Fc - MG,America Fc - MG,2,Santos - SP,1
35,Do Café - Londrina - PR,11/18/2018 17:00:00,344,,Paraná - PR,1,Palmeiras - SP,1
35,Arena do Grêmio - Porto Alegre - RS,11/18/2018 19:00:00,349,Grêmio - RS,Grêmio - RS,2,Chapecoense - SC,0
35,Morumbi - Sao Paulo - SP,11/18/2018 19:00:00,348,São Paulo - SP,São Paulo - SP,1,Cruzeiro - MG,0
35,Maracanã - Rio de Janeiro - RJ,11/19/2018 20:00:00,343,,Fluminense - RJ,0,Ceará - CE,0
36,Beira-Rio - Porto Alegre - RS,11/21/2018 19:30:00,351,Atlético - MG,Internacional - RS,1,Atlético - MG,2
36,Vila Belmiro - Santos - SP,11/21/2018 21:00:00,352,,Santos - SP,1,Botafogo - RJ,1
36,Mineirão - Belo Horizonte - MG,11/21/2018 21:45:00,353,Cruzeiro - MG,Cruzeiro - MG,3,Vitória - BA,0
36,Arena da Baixada - Curitiba - PR,11/21/2018 21:45:00,354,Athletico Paranaense - PR,Athletico Paranaense - PR,1,Corinthians - SP,0
36,Maracanã - Rio de Janeiro - RJ,11/21/2018 21:45:00,355,Flamengo - RJ,Flamengo - RJ,2,Grêmio - RS,0
36,Allianz Parque - Sao Paulo - SP,11/21/2018 21:45:00,356,Palmeiras - SP,Palmeiras - SP,4,America Fc - MG,0
36,São Januário - Rio de Janeiro - RJ,11/22/2018 20:00:00,357,Vasco da Gama - RJ,Vasco da Gama - RJ,2,São Paulo - SP,0
36,Arena Castelão - Fortaleza - CE,11/22/2018 21:00:00,360,Ceará - CE,Ceará - CE,1,Paraná - PR,0
36,Arena Condá - Chapeco - SC,11/22/2018 21:00:00,358,Chapecoense - SC,Chapecoense - SC,2,Sport - PE,1
36,Arena Fonte Nova - Salvador - BA,11/22/2018 21:00:00,359,Bahia - BA,Bahia - BA,2,Fluminense - RJ,0
37,Vila Belmiro - Santos - SP,11/24/2018 20:00:00,361,Santos - SP,Santos - SP,3,Atlético - MG,2
37,Mineirão - Belo Horizonte - MG,11/25/2018 17:00:00,362,Flamengo - RJ,Cruzeiro - MG,0,Flamengo - RJ,2
37,Manoel Barradas - Salvador - BA,11/25/2018 17:00:00,363,,Vitória - BA,0,Grêmio - RS,0
37,São Januário - Rio de Janeiro - RJ,11/25/2018 17:00:00,364,Palmeiras - SP,Vasco da Gama - RJ,0,Palmeiras - SP,1
37,Arena da Baixada - Curitiba - PR,11/25/2018 17:00:00,365,,Athletico Paranaense - PR,2,Ceará - CE,2
37,Independência - Belo Horizonte - MG,11/25/2018 19:00:00,366,America Fc - MG,America Fc - MG,1,Bahia - BA,0
37,Arena Corinthians - Sao Paulo - SP,11/25/2018 19:00:00,367,,Corinthians - SP,0,Chapecoense - SC,0
37,Beira-Rio - Porto Alegre - RS,11/25/2018 19:00:00,368,Internacional - RS,Internacional - RS,2,Fluminense - RJ,0
37,Morumbi - Sao Paulo - SP,11/26/2018 20:00:00,370,,São Paulo - SP,0,Sport - PE,0
37,Nilton Santos - Rio de Janeiro - RJ,11/26/2018 20:00:00,369,Botafogo - RJ,Botafogo - RJ,2,Paraná - PR,1
38,Independência - Belo Horizonte - MG,12/01/2018 19:00:00,371,Atlético - MG,Atlético - MG,1,Botafogo - RJ,0
38,Maracanã - Rio de Janeiro - RJ,12/01/2018 19:00:00,376,Athletico Paranaense - PR,Flamengo - RJ,1,Athletico Paranaense - PR,2
38,Durival Britto - Curitiba - PR,12/02/2018 17:00:00,372,,Paraná - PR,1,Internacional - RS,1
38,Arena Condá - Chapeco - SC,12/02/2018 17:00:00,373,Chapecoense - SC,Chapecoense - SC,1,São Paulo - SP,0
38,Pituaçu - Salvador - BA,12/02/2018 17:00:00,374,,Bahia - BA,0,Cruzeiro - MG,0
38,Maracanã - Rio de Janeiro - RJ,12/02/2018 17:00:00,375,Fluminense - RJ,Fluminense - RJ,1,America Fc - MG,0
38,Arena Castelão - Fortaleza - CE,12/02/2018 17:00:00,377,,Ceará - CE,0,Vasco da Gama - RJ,0
38,Ilha do Retiro - Recife - PE,12/02/2018 17:00:00,378,Sport - PE,Sport - PE,2,Santos - SP,1
38,Allianz Parque - Sao Paulo - SP,12/02/2018 17:00:00,379,Palmeiras - SP,Palmeiras - SP,3,Vitória - BA,2
38,Arena do Grêmio - Porto Alegre - RS,12/02/2018 17:00:00,380,Grêmio - RS,Grêmio - RS,1,Corinthians - SP,0
